{"labels": [0, 0, 0, 0, 0, 0, 0, 0, 0, 0, 0, 0, 0, 0, 0, 0, 0, 0, 0, 0, 0, 0, 0, 0, 0, 0, 0, 0, 0, 0, 0, 0, 0, 0, 0, 0, 0, 0, 0, 0, 0, 0, 0, 0, 0, 0, 0, 0, 0, 0, 0, 0, 0, 0, 0, 0, 0, 0, 0, 0, 0, 0, 0, 0, 0, 0, 0, 0, 0, 0, 0, 0, 0, 0, 0, 0, 0, 0, 0, 0, 0, 0, 0, 0, 0, 0, 0, 0, 0, 0, 0, 0, 0, 0, 0, 0, 0, 0, 0, 0], "scores": [0.7042978405952454, 0.6768642067909241, 0.6495303511619568, 0.5828068852424622, 0.40386253595352173, 0.39582663774490356, 0.3167562186717987, 0.3025100529193878, 0.20763741433620453, 0.20658302307128906, 0.15978851914405823, 0.13674145936965942, 0.12120800465345383, 0.09114010632038116, 0.05217956379055977, 0.050892867147922516, 0.04496253281831741, 0.04433836415410042, 0.035627931356430054, 0.033818427473306656, 0.03358989208936691, 0.032648395746946335, 0.03198590874671936, 0.03146669641137123, 0.02997051738202572, 0.028522230684757233, 0.028067203238606453, 0.027946963906288147, 0.027564208954572678, 0.02750539220869541, 0.02745847776532173, 0.02710658684372902, 0.026529839262366295, 0.024470079690217972, 0.02404213137924671, 0.023475099354982376, 0.02307893894612789, 0.02236856520175934, 0.022107772529125214, 0.021783320233225822, 0.021563036367297173, 0.021060170605778694, 0.02102648839354515, 0.020729146897792816, 0.020692385733127594, 0.020625649020075798, 0.02037712000310421, 0.02022993192076683, 0.020123859867453575, 0.020071836188435555, 0.020008957013487816, 0.01999153196811676, 0.01982000097632408, 0.01968219131231308, 0.01958037167787552, 0.01957729458808899, 0.019559219479560852, 0.019199922680854797, 0.019117750227451324, 0.018962906673550606, 0.01862780749797821, 0.01850113831460476, 0.018490131944417953, 0.018284890800714493, 0.01825678162276745, 0.018240028992295265, 0.018203910440206528, 0.018037430942058563, 0.01798679120838642, 0.017877917736768723, 0.017705827951431274, 0.017649926245212555, 0.017646728083491325, 0.01743779331445694, 0.017403725534677505, 0.01737441122531891, 0.017059143632650375, 0.01695253886282444, 0.016848072409629822, 0.016614869236946106, 0.01634027436375618, 0.016328420490026474, 0.01630864292383194, 0.016236936673521996, 0.01622399315237999, 0.016149895265698433, 0.0161313284188509, 0.016113296151161194, 0.01585937663912773, 0.0158530306071043, 0.01576700061559677, 0.015466785058379173, 0.015416393987834454, 0.01540295872837305, 0.01533844880759716, 0.015327224507927895, 0.015158331021666527, 0.015085814520716667, 0.015048637054860592, 0.014993387274444103], "bboxes": [[56.75251007080078, 236.09092712402344, 251.04640197753906, 515.1596069335938], [373.4228210449219, 239.1767578125, 474.9728088378906, 413.4095153808594], [453.98785400390625, 225.55484008789062, 557.4417114257812, 439.7692565917969], [308.1021423339844, 108.5252456665039, 443.1129455566406, 425.08294677734375], [246.6783447265625, 220.8558807373047, 331.5703125, 421.4135437011719], [291.51654052734375, 203.0458526611328, 373.7875671386719, 417.576904296875], [180.52410888671875, 96.10053253173828, 311.4333190917969, 427.56536865234375], [72.94902801513672, 47.087745666503906, 224.69309997558594, 518.9127197265625], [313.09576416015625, 222.47433471679688, 449.5238952636719, 419.9688720703125], [298.4891357421875, 207.8883514404297, 431.2696838378906, 424.0331115722656], [25.177080154418945, 26.557279586791992, 56.69456481933594, 97.45628356933594], [134.14024353027344, 29.977739334106445, 174.01992797851562, 115.84221649169922], [159.2948455810547, 253.45343017578125, 257.1036376953125, 421.2561340332031], [599.6265258789062, 52.94826126098633, 627.7783813476562, 114.4615707397461], [448.2280578613281, 221.67633056640625, 497.8900451660156, 301.9274597167969], [6.220223426818848, 27.26109504699707, 31.4124698638916, 86.06259155273438], [648.4271240234375, 22.72450828552246, 687.4464721679688, 123.50418090820312], [450.7013854980469, 311.4322509765625, 538.7062377929688, 427.9238586425781], [497.7987060546875, 59.41896438598633, 534.8228759765625, 129.47378540039062], [-5.964288234710693, 36.8775520324707, 9.563226699829102, 75.41480255126953], [499.7397155761719, 71.65731048583984, 532.7099609375, 138.6584014892578], [238.02862548828125, 31.33477210998535, 275.87109375, 114.60693359375], [490.85125732421875, 0.908176064491272, 552.8367309570312, 102.05778503417969], [487.56378173828125, 17.435300827026367, 545.4202880859375, 117.76864624023438], [472.7312316894531, 23.75865936279297, 527.7098999023438, 122.27435302734375], [118.71343994140625, 33.129844665527344, 210.8789825439453, 317.6562194824219], [129.57928466796875, 35.24911117553711, 221.47262573242188, 305.0275573730469], [128.27529907226562, 39.95139694213867, 222.73849487304688, 321.5006103515625], [107.10836791992188, 28.733253479003906, 200.9185028076172, 322.04498291015625], [140.34628295898438, 38.47795486450195, 232.33656311035156, 301.7153015136719], [138.42678833007812, 42.27589416503906, 234.23020935058594, 319.1417236328125], [445.97198486328125, 9.445435523986816, 511.28594970703125, 115.09333038330078], [-6.954056739807129, 56.825862884521484, 10.303845405578613, 98.6746826171875], [536.9895629882812, 12.764470100402832, 593.2546997070312, 111.95584106445312], [-6.586641311645508, 69.27326965332031, 9.791067123413086, 107.76122283935547], [-6.079818248748779, 16.142627716064453, 9.321949005126953, 52.992645263671875], [679.54296875, 71.3397216796875, 698.30224609375, 116.11446380615234], [395.5774230957031, 2.3035006523132324, 475.15106201171875, 111.06099700927734], [406.8250732421875, 5.246533393859863, 485.055419921875, 118.9798812866211], [381.9195251464844, 3.89728045463562, 466.7664489746094, 120.26142883300781], [680.5280151367188, 97.15084838867188, 697.2353515625, 133.50160217285156], [679.6373291015625, 84.10726928710938, 698.233642578125, 125.02020263671875], [370.41693115234375, 4.4244608879089355, 456.53253173828125, 119.68482208251953], [360.9106750488281, 5.778347969055176, 444.4628601074219, 118.32222747802734], [-7.536038875579834, 498.0454406738281, 10.155158996582031, 531.464599609375], [255.33853149414062, 300.70355224609375, 441.1893615722656, 471.4346618652344], [224.84402465820312, 44.02997589111328, 288.6004638671875, 220.38670349121094], [229.0865478515625, 42.7252197265625, 284.69598388671875, 200.56507873535156], [36.82447814941406, 2.7788236141204834, 54.98029708862305, 45.82771682739258], [266.6238708496094, 301.6817321777344, 451.53997802734375, 470.4659423828125], [-6.653554439544678, 80.14875793457031, 9.676953315734863, 118.35404205322266], [678.466552734375, 26.217878341674805, 699.5651245117188, 74.92658233642578], [247.36351013183594, 302.146728515625, 427.52520751953125, 470.0526123046875], [680.6534423828125, 108.39262390136719, 697.1392211914062, 143.7991180419922], [240.50526428222656, 304.25323486328125, 412.73529052734375, 467.8718566894531], [-5.9972920417785645, 6.275356292724609, 9.108963012695312, 41.12588882446289], [148.68484497070312, 278.03692626953125, 343.35760498046875, 483.1266784667969], [353.81072998046875, 5.4946184158325195, 430.3440856933594, 107.63733673095703], [360.90789794921875, 12.1766939163208, 455.4636535644531, 187.64971923828125], [212.39918518066406, 42.60318374633789, 289.90423583984375, 254.12547302246094], [359.20355224609375, 12.698236465454102, 456.9093933105469, 208.7769317626953], [350.39935302734375, 14.777475357055664, 444.4719543457031, 206.824462890625], [680.7764282226562, 119.1214828491211, 696.9862060546875, 154.66192626953125], [197.55479431152344, 43.51640319824219, 283.35498046875, 263.9656982421875], [662.5489501953125, 102.61441040039062, 683.9523315429688, 151.51748657226562], [362.1424255371094, 11.967225074768066, 454.14996337890625, 166.3546142578125], [351.81884765625, 13.555057525634766, 443.2034912109375, 186.34173583984375], [232.5623016357422, 318.3846130371094, 399.1776428222656, 475.36785888671875], [5.001101970672607, 84.31453704833984, 43.64509582519531, 223.7169647216797], [168.67916870117188, 287.5319519042969, 345.1536865234375, 