{
    "YOLOv10n": {
        "Precision": 0.5878376434571481,
        "Recall": 0.46602624172918855,
        "mAP50": 0.49005297342740456,
        "mAP50-95": 0.2708278037059582,
        "F1 Score": 0.51989163236773
    },
    "YOLOv11n": {
        "Precision": 0.7879750570531229,
        "Recall": 0.5651678469768535,
        "mAP50": 0.6429365443111632,
        "mAP50-95": 0.3606274059445325,
        "F1 Score": 0.6582273550357156
    }
}